text,label
"After what he did at Jeddah, no, he did not deserve the title more than Lewis.",
"That was just ""go fast and burn up the rubber, we pit in 1 or 2 laps"". Not really strategy related imo",
"Like 22k worldwide for Redbull Gmbh and around 5,000 in Redbull Racing (2500), Racing Bulls (1500) and RBPT (1000)",
"It's fine, a bunch of kids still salty about shit that happened 5 years ago. Hell, I'm still salty about 2008, I can relate.",
I am now left wondering: how many people are in the beverage can divsion vs the F1 division?,
Idk man the strategy calls with Hammertime back in the day is pretty great strategy,
"They're just sandbagging. They even got ADUO. I'm gonna need a lot more evidence before i jump on that. Or, if Danhausen uncurses them (see what he did for the Nicks).",
Merc has always won championships with car performance domination. Not because of their strategy calls. It's just that they mess up less than Ferrari that you don't hear anything about it.,
"Russell wasted 10secs to Kimi by blocking him, Hamilton might have won but not a walk away as his fans like to say it !",
"I completely agree with you, this is what happens when your favourite driver is involved.",
"All hail Alonso for serving up one last treat at home to his old ""friend"" Lewis. I'm sure he did it with a smile on his face.",
"Mekies said the car would be at the min weight with the new upgrade and rumours were that the car was 12kg over weight. I don't think that's accurate tbh, 3-4 tenths is gigantic, it's more like 0.03-0.04 per KG drop, so half a tenth is more realistic from pure weight reduction.",
"I'd give everything for a Hamilton Vs Antonelli title fight, that'd be a generational battle",
He would have caught them with 10-14 laps left and I don't think Kimi or George are good enough wheel to wheel to hold him off for that long with the crazy pace delta he had.,
"Yep. Performance wise is the best, in terms of reliability it isn't, but you can always work on reliability whereas you can only work on performance if you have ADUO slots.",
"Except when the battery explodes, as it's already done to Kimi, George and Norris 3x",
12 kg is massive. That's like 3-4 tenths in just weight if that's true.,
"Or, and follow me here, I can think that AD21 was a disgrace but also believe that Max deserved that title much more than Lewis for overall performance during the season.",
Their ice is the best one but the Mercedes has the best overall PU and is not close at the moment.,
"I mean...the energy drink company bought Honda's F1 engine company and then hired the guy who ran Mercedes High Performance Powertrains and was working at Brixworth for 20 years, and then they hired 5 more senior Mercedes HPP staff while also bringing Ford in for their battery tech and deployment. Maybe I'm a stick in the mud but I find the whole ""energy drink company"" schtick so tiring.",
"Cool, but also it doesn’t work like that. You don’t just apply a false set of parameters after the fact and say an outcome would be the same.",
Especially if the ADUO figures are correct and the energy drink company actually built the best engine on their first try.,
"i think every true F1 fan that didn't fall into the hate cesspool that was 2021 can agree that how AD21 ended was a disgrace. it overshadowed a legendary season, it diminished Max' extreme talent and robbed Lewis of the official confirmation of being the lone champion of every big stat the sport has to offer.",
"A team boss. That’s not a consensus. Nor it is necessarily an honest assessment. Team bosses usually have a motive for saying what they say. But I’ll ask again, what pace advantage would you have expected him to have and why are you so certain he would’ve been able to make the overtake?",
"Because most people don't understand/can't read a race. Hell go to formel1.de (I know, at this point that site is a joke) and 50%+ were saying he only got lucky and usually would have landed 3th-4th or worse(because you know, Leclerc should have started ahead of him).",
"""Kimi only has 5 wins."" Yeah, what a bum. Only 5 wins in a row, leading the championship, and beating his teammate regularly. Absolutely washed. 🤓",
"Seeing Max match the Mercs race pace in a slower car due to a 3-stopper, I think Merc could have won if they swapped strats with one of the cars.",
Mercedes of late have been really rigid with their strategy - Hannah from Redbull would have definitely swapped to a 3 stopper with at least one of the cars to cover off the Ferrari. It was 2 v 1 and somehow Mercedes fumbled.,
"I thought Merc were gonna swap Russell to a 3 stop, or Antonelli, but yeah, no clue why they didn't.",
"He would have had 10 lap younger tires than the merc boys. No one said it'd be easy, but barring any mishaps, Lewis would have overtaken them, he was comfortably lapping 1s a lap faster while cruising.",
"Would have had almost 10 lap younger tires, the VSC had them put much earlier than planned, he probably would have gotten them.",
"Well if rumours are true, Redbulls new package for Austria has the car 12kg lighter, that should help a lot, I could see max in the mix for wins for sure.",
That is counting that Mercedes doesn't bring any other upgrades plus Ferrari upgrades working. McLaren can also get in the mix with the right upgrades. We got championship sounds like a big hopium to me.,
Yeah I mean when they responded but didn't go for a 3 stop it was done,
"overtaking with the same tire delta was difficult, people repassing or coming up on fresh tires is very different. someone on a very different strategy and big tire delta changes things.",
"And yet we’re having this discussion in response to a rival team boss saying that he probably would have won anyway. As I said, I’m more inclined to believe the people who are actually in the sport.",
"That’s not true at all. Journalistic consensus is that it wouldn’t been a lot more difficult, but possible for him to win without the VSC. And the math backs that up. I see zero compelling evidence that he would’ve had an easy time getting back to the lead. Overtaking was pretty awful on this track this week.",
"What math are we basing this off though? All well and good to say “everyone is saying it” but like, why are why? Pace really doesn’t seem like it’s nearly enough to make that conclusion.",
"Yeah same. I was pumped for the replay of Silverstone 2020 and battle for P1. Also cant wait for his new engineer to say ""hammer time"" for the first time",
"And yet the people who are actually involved in the sport all seem to be saying that Hamilton probably would have won the race whether there was a VSC or not. Given that, I think it’s safe to assume that they believe that he would have made the overtake, and I’m inclined to take their word for it because there really is no benefit for them in hyping up a man who thrives on hype.",
"I think it's going to heavily depend on what the other teams bring to the table, as well.",
"The VSC wasn't the deciding factor, I think it was sealed when Russel covered his first pitstop, it was way too early for his strat and he lost a lot of race time by doing that",
With Lewis smelling a win? Good luck on that. The kid has 5 wins and you are already putting him on a pedestal like that? What guarantees that he could handle the pressure of Lewis in his mirrors?,
Well the 9th to be completely honest with you but I'm also a MV fan so yes the 8th this year 😂👍,
"And having the two Mercedes drivers fighting it off wouldn't help any of them. Don't think Mercedes is able to stop Kimi from overtaking, and George is not the guy to let his team mate go by just like that. Not without plenty of drama anyway.",
That's only on the assumption that Kimi got past Russell much earlier. What we know certainly is that he couldn't get past him till lap 61 and by then Hamilton would have already been behind him considering a pessimistic lap delta of 1 second,
"There were two factors that help Hamilton. The VSC and Antonelli being held back by fighting Russel. I think he had enough pace to overcome one of these factors, but an interesting question in terms of the ongoing WDC battle is did have enough pace to overcome both?",
"He would have. Hamilton had the pure pace and he has more than enough experience racing wheel to wheel to pull off an overtake in these cars. Hamilton on a charge like he was in Barcelona is tough to handle, the Merc lads would probably have been able to hold him up for a few laps but not much more than that.",
And it's also likely Kimi builds more than 5 seconds once he's finally free of dirty air.,
Dont know who said that Ferrari would wipe the floor with everyone if they got their engine right,
Because it is not a time trial? He still needs to overtake George and that is anything but easy on this track.,
"It was apparent for anybody that Lewis was way faster than the merc boys, and not just the car, but his race pace was untouched by others. This is why he's the fastest on race day. Would have loved him overtake the merc boys but that would be like a slap to merc",
If he retires then that VSC would probably stop the overtake anyway. We really don't know what his pace would've been so it's hard to say what would happen in that case.,
Which is where the slight doubt comes from. But we had already seen during this weekend that if you had a tyre offset overtaking was very doable and Hamilton would have approached those two Mercedes with tyres much much fresher.,
"lol if Kimi had clear air and podium pace, who's to say he doesn't pull out more than 5 seconds? we all know he’s a beast when he’s in front.",
"It seems that in Barcelona the track favours you if you’re on fresher tyres. Hamilton already did it once before vs Verstappen in 2021, and even without the VSC I see him taking the Mercs on track.",
Did McLaren use their 2015 car to arrive to this conclusion? They’re almost 2 weeks behind the pack.,
"That's a lot of certainty for a scenario nobody got to see. Kimi spent most of the race stuck behind George. Once he finally got clear air, he immediately started pulling away despite the wing damage. Acting like the 5-second penalty automatically means Hamilton finishes ahead ignores the possibility that Kimi could've built a bigger gap once he wasn't sitting in dirty air anymore.",
"Considering how hard he was pushing, I'm not sure the tires would've lasted that much longer, but yeah, probably a bit bigger delta.",
Fans today would complain about the dropping revs at the end of the straight lmfao.,
"Ah, my bad. I think I thought of it as first podium because it's the first McLaren podium *I* saw. Thanks for setting things straight!",
Last lap Lando is on par with Verstappen on race pace and tyre management but he cant do it as consistently yet during the 2019 to 2021 seasons.,
tbf it was the first podium they actually got to celebrate on track. Sainz's was after the race.,
>You could just feel their absolute jubilation for their first podium in years Bit of a fact check here. Carlos got a podium just 2 races before that in Interlagos the season prior.,
i remember having to control myself to not wake up the house celebrating the podium,
"Ow boy, this is the video with the engineer communication! I was watching the race with multiple screens and onboards opened and basically muted everything except the Norris stream. I was on the edge of my seat until he crossed the finish line. It was such a joy and relief after 7 horrid seasons. 😃",
"Everything is correct, except that it was Sainz who got their first podium in years in Brazil 2019.",
"Lewis yeeted Albon. He received a 5 second penalty for it. Lando, in P4, had to be within 5 seconds of Lews to get a podium. He switched engine mode (to Scenario 7, which was a whole thing back then), and got McLaren their first podium in years. It was my first Formula 1 weekend, and I have very fond memories of it.",
I’ll always remember the reaction in the McLaren garage when he crossed the line and took P3 after Lewis’s penalty. You could just feel their absolute jubilation for their first podium in years. Moments like that are what I love about motor racing.,
"All good man, I too did not have a poncho prepared. From memory they were like $2 as well! You'd never see it today.",
"Fuck, I think that's it. You're right, now that you mention it I remember only getting to see the cars run for a bit, because I wasn't able to go on race day. I'd forgotten about that. Oh, THAT is why I had so much time to goof off and meet people haha. FAAAAAARK. Thanks man. Yep, 2013. It really did bucket. Did I have a poncho? Absolutely not haha. Legend mate, appreciated.",
"Because it isn’t a fact… The last three winners of the Austrian GP would be Norris, Russell, Verstappen for 25, 24, 23 respectively.",
I went in 2013 and it bucketed down and I think qualifying was cancelled or split? I'm gonna have to do some googling but I'm nearly 100% sure it was.,
Bro's going to be out there spraying the gravel pits with tar.,
No Verstappen on the poster? Time to fire up the tabloid rumour mills!,
When will finally fire their graphic designer. This lens flare/ air brushing bullshit looks so bad.,
I'm excited now that there's multiple teams in the mix. See how Kimi fares against more equal cars.,
"Clear blue skies, 35 degrees, hulk is in 7th position, a singular lighting falls on track right on his car.",
They have to use every driver at least once in the season and they didn't know for which GP to use them otherwise?,
I don't understand the unzipping pose of some of these photos. Looks like a bad porno.,
"I'll be there too! It's the first race I've attended twice, because it's SO FUN. I'm flying from the US West Coast just for the race because I had such a good time last year. You are going to have a blast!",
"Lando’s best track, if his car doesn’t explode he has a chance to win the race",
"Oh nah, I remember going in 2014/2015 ish, and this was before that. Actually I might be remembering a Thursday? but I'm not sure. Don't get old ha.",
Fair enough. I’ve been every year since 2023 and the only other one I remember with wet weather was 2023 when it was raining off and on every day except the race day.,
"No years ago, long enough I can't actually remember the year. Wasn't race day, but I can't remember more than that.",
"In a two-in-a-million chance, a piece of gravel hits his car's kill switch.",
"Saturday and Sunday forecast for a high of 36 in Vienna, so, yes.",
"I was at the Australian GP once when it was pissing down, my experience is the worse it gets the bigger the camaraderie is between those who brave it.",
"Man you're in for a treat, take your time and soak in the experience mate, you'll love it. It's going to be hot as hell, so prepare for that. Hydrate and slip slop slap.",
Is Austria getting hit with the same heatwave as Western Europe this week?,
If I know my history your checkmate was badly planned nothing's changed and everyone is dead.,
Do you guys remember that 8 week break? Me neither I've blocked it out to avoid PTSD.,
Austria!? Well then... G'Day mate! Let's put another shrimp on the barbie.,
"Okay but...what if this is the *podium* list. Isack maiden victory, Liam maiden podium, Nico 2nd podium. The chaos would be delightful.",
you forgot about George like Toto Wolff. All 4 drivers dropped out of points.,
These 3 are gonna DNF this weekend then …. Oh no not hulk 😭,
"Red Bull driver, Racing Bulls driver, guy who speaks the local language",
F1 admin saw the last gp's poster cause and decided to not include Max in this one,
"The minimum driver + gear weight is 82kg. If the driver is smaller than that, the team is required to add ballast to make sure the weight reaches 82kg. So as long as you are under that limit, there is no disadvantage.",
Why is it with driver? Doesn't that mean smaller teammates have an advantage?,
> on the basis of Monaco the car is mechanically sound I know what you mean but this sentence is pretty funny given how Max's race went!,
I’m afraid that you make it sound more dramatic than how it’ll actually be during the race,
Red Bull were also overweight at the start of 2022 but they had a fundamentally good concept and were able to bring good upgrades to pull clear of Ferrari over time so it wasn't an issue.,
OT but how tf is an Erik Van Haren article about Red Bull rated 1/3 as a source on here ? he's the gold standard. I think this needs to be fixed.,
Yeah it's going to change depending on your choice of translation software,
"Casting many various spells on Mekies. I have plans for Red Bull that should not be denied by things such as ""it's not my business"" and ""I have actually nothing to do with a Formula 1 team"".",
"George and Charles utterly ruined this year, everyone else slowly coming to like things",
"On top of this. Max is the last person you want in your rear view for multiple purposes. It almost verstahappened last year man. Now add a ""resparked lewis"" and ""something to prove Charles"" from Ferrari. Along with a pissed off George, and the papaya rules lando",
"fingers crossed. they have the most powerful engine on the grid, so I'm hoping they'll bring the best aero now that the car is at weight.",
Because they spend a lot of time in 2025 still developing the 2025 car while others were full focus on 2026?,
"Sure, and now imagine if it were Max AND Lewis, and having to battle with his teammate without Papaya Rules. Without Papaya rules Max likely wins the Championship.",
"Well yeah, that's what I'm saying - As things stand right now Merc is eligible for an ADUO cycle. Nothing is paused.",
Another thread got posted about 30 min ago that the FIA officially green lit Ferrari's upgrade. &nbsp; Can't speak for Merc's upgrade or RB inquiry results.,
"I don't understand then because the first ADUO is already been done and apparently approved to be on Ferraris car. From what I understand RedBull have logged an inquiry into clarfication of the results, but the ADUO process is very much approved and in swing with Merc getting 1 cycle and Ferrari getting 2.",
I was under the impression Ferraris 1st cycle ADUO is making it's debut in Austria;,
"I think this will be huge for redbull. Given how overweight they were up until the last race, and with how the FIA has stated redbull has the best engine, this could be a proper comeback story.",
"I really hope these work - The title fight is way more exciting with Max involved in the mix at the front. Plus Kimi/George may be able to survive a season long battle with Lewis breathing down their necks, but Lewis AND Max? No chance surviving that much pressure - Unless they end up taking eachother out all the time lol.",
Hopefully it works out and the RBR can get back to the front. Need more teams fighting for wins. Also a Max/Marquez comeback tour would be nice to watch.,
No my head canon is Lewis vs Alonso round 2 once Newey comes good. I need Max to race endurance next year.,
And this year with reliability being all over the place the deficit is even more shaky than it was last year. For all we know Kimi could DNF the next 2 or 3 straight races. Likewise Max could too. Its really all over the place.,
"Not really In Canada he was nowhere, pretty much the same in Spain. maybe a tiny bit better raw pace wise In Monaco he got outqualified easily by 3+ tents and Max broke down after 2 meters into the race",
"""6 or 7 drivers from 4 different teams"" would be nice of course, but just any drivers from at least two different teams would be great. Intra-team championship battles are a bore, and we were in real danger of that happening again this year. Anything but that is fine.",
How did it fuck them? They scored some amazing results at the beginning thanks to that,
"Yes, incompetent and both of them are wiping the floor with RBR. They desperately need the ADUO to keep RBR at bay !! 🤦‍♂️🤦‍♂️",
Their PU is quite unreliable so theyll probably go above their allowed amount and have to take a grid penalty sometime,
"I just want a fight for the win between Mercedes, Ferrari, Red Bull, and McLaren. It feels so possible this year",
"> The updates at Red Bull are desperately needed, also to satisfy Verstappen. If the updates take the car more towards the oversteery characteristics Max is asking for, Hadjar is screwed.",
Looking at the past upgrades take a few races to get dialed in...,
If there's that many drivers actually fighting for wins though it means Kimi could wind up 5th or 6th a few times and really start hemorrhaging points even if merc can fix their PU problems,
"2021 V2 is also fine with me, no need for the Mercs to be there.",
Exactly my hope. Merc vs Ferrari (if Charles doesn't crash) vs Max vs (Lando?) would be nice.,
"Did you watch last year? I think it's unlikely Red Bull will be fighting for wins every race after this update. But if they do, it would be very foolish to count out Verstappen.",
"ICE **is** the car’s power. Less power in the ICE means less recharge, thus less deployment from electrical later on.",
Exactly Mercedes will most likely have to take massive penalties after summer break sometime,
If it was that important then why is the car with the least amount of power also the fastest over the lap,
If these guys meet the weight then they're gonna be oossibly dominant again. Red Bull are incredibly good at adapting and changing things across the season. We already know their aero is pretty good from what we saw in Monaco. The chasis as a whole might not be the best but they can improve upon it quickly.,
Yeah things can still flip on its head very easily. Still early,
"A few season previews were saying expect major whiplash as updates, and also generally tracks suiting different cars, upends the form card a lot.",
That happens if they don't use it this year and still qualifies next year,
ICE is the majority of the car's power over the lap lol,
"Hadjar is still close to Max The car is def not unstable, by RBR standard ofc",
Imagine RBR becoming the faster car and messing up Ferrari title challenge :D,
"He's very good around Austria, and despite the narrative surrounding him right now, he's been just as fast, if not faster at some points, than Lewis over the last few races. It just was hampered by the mistakes and mechanical issues.",
"Reminds me of that Zapp Branigan quote: ""She's built like a steakhouse but handles like a bistro.""",
"Do not have memory of a goldfish, the deficit was 104 last year as well. Yes, Verstappen did not win but he did beat Piastri last year. And now we have new regulations so cars are even more unpredictable with more races left. So never say never.",
Ice hp is vital for the straights. Every extra hp the ice has is energy that can be harvested as well.,
"I really want ferrari and redbull to fight each other, give us more lewis vs max again 🤞🙏",
"best case, they repeat what happened last year, but I am still worried about reliability. luckily, mercedes engine does have issues too",
"Clearly that doesn't matter then, ADUO is a very specific thing that doesn't at all seem to be relevant to the pace of the car as the ICE is less important than the electrical.",
They are lacking about 22 hp behind merc rn. Only ice is tested for aduo. Your comment does not make sense.,
Always very good around Austria plus the Barcelona update seems to have brought Ferrari right to the front. I seem to remember Mercedes also struggling at Austria even with a dominant car so expecting a difficult weekend for them,
The car that won by 20s last time out doesn't seem to be that far behind,
Pretty sure Ferrari already gets upgrades for next year as well so not sure if or why,
a kimi sandwich between max and lewis.. oh brother my loins are moistened!,
If they can Bridge the gap closer then we could have a good 3/4 team fight for the remainder of the season even though I’m not totally convinced they will have a silver bullet for this one,
ADUO is tested multiple times no? If I remember right there's another benchmark which is going to be done this year,
"Ferrari gets one ADUO anyway, no matter what. Their engine is far enough begind.",
"I think it's too late for RBR already to get mixed up in the title fight, but it would be nice if they would be in contention for race wins here and there.",
"If Materchet (the son) doesn't name part of the track after Max, he surely has forgotten what his dad built",
"Careful, he'll lash out, accuse you of being emotional and then pretend to be blocked!",
"oh yeah almost forgot Redbull is Austrian and have many facilities. If Thailand becomes the host of the Formula 1 race, indirectly Redbull will have 2 home races, no?",
Max pointing at the Honda badge on the podium in his race suit cemented the whole division's admiration and support for him,
">he’s the only Dutch race winner, not to mention champion And you know, a literal GOAT-tier legend",
"Okay, that’s cool and all but what race has he been 1 second slower outside of traffic? None of what you said identified a specific race where this condition was met.",
"Yes it’s their home race, Red Bull is an Austrian company. But unlike Monza and Ferrari, Red Bull actually owns the circuit. It was bought and rebuilt in the early 2000s by Dietrich Mateschitz.",
"That would be amazing. He’s already said if they choose to name a corner after him he wants it be Scheivlak. The whole circuit would be great as well though, and well deserved considering he’s the only Dutch race winner, not to mention champion.",
The weather is going to be 35+ degrees so we might see that happen for real…,
4th last year 6th the year before. These are the recent years. This place is worse than facebook.,
"Man, this comment of yours as well as the previous one should be pinned to the top of the subreddit. There’s been much information thrown around on here recently.",
"I should start invoicing you for therapy the way this is going haha Dw dude, I forgive you for not answering. I confess I already knew the answer and it was a trap. Fun fact: Isaks delta to Max is smaller than Max's was to Danny in the equivalent season. I think Isak shows great promise!",
After he retires and if Zandvoort comes back they should rename it Verstappen Circuit,
"At least a turn? Man, I remember Niki Lauda's rant when they named one measly corner after Michael Schumacher in 2007. And rightfully so, legends deserve the whole track.",
"All good over here buddy, you can let the frustration out, no judgement from my side",
"If projecting makes you feel better dude, then I'm happy to help",
Extra Software development time is also part of the ADUO. The batteries are built to the same specs but they're not the same batteries. Andu dont actually belive that all PUs on the grid are equally efficient in deployment and harvesting???,
"Not particularly. You made an extraodrinary claim, I wanted to see if it were true or if you were making it up. By refusing to answer the question and answering a different question you've helped me determine which it was. So I'm satisfied, thanks.",
I gave you a straight up answer and didn't entertain your nonsense - are you disappointed?,
"Which race hasn't he been a second slower? He just finished 70s behind two races in a row, was gapped by 45s in total within 53 laps in Japan, of which multiple were under safety car. Was gapped to that degree in China until Verstappen's mechanical DNF... that's a pretty big gap he needs to bridge if he wants to compete for wins, should the car get into the top 3 at some point",
"Austria is a few different drivers favorite track, Max and Lando for sure",
at least in one sport lol in motoGP redbull ring is basically ducati's monopoly even when the bike was not the best one,
"Ferrari, Red Bull and McLaren fight. This is Mercedes worst track by far. Their car always seems to meltdown here.",
"They're not all the same, idk why you would think that?? it's also largely about the management of the software that's doing the Regen and deployment and as we can see redbulls is clearly one of the worst considering that they have the most powerful PU but struggle to get that power on the ground or in the battery efficiently.",
"Isack would have to get within a second of Max in race pace for him to have a shot, but who knows what the weight loss will do this weekend. Could be a podium on merit if everything works perfectly",
Doesn't matter how good the ICE is if the battery this year is no good,
"Its an engine power track, if they can shed a little drag and weight maybe Isak and Max have a shot",
He once joked that if he won there five times he would ask Dietrich to rename it Verstappen Ring. He definitely deserves at least a turn named after him when he retires.,
"Well, unless they bring some firework upgrades this week, RedBull will make sure that the RedBull Ring doesn't live up to it's name this week",
even if he wasnt lando and oscar were just miles ahead p3 maybe?,
"Their first win with Honda is one of my personal favorites, he almost stalled it at the start!",
tldr it’s about drivability and no performance update but the fact that they brought the upgrade to Barcelona immediately after the ADUO grant was a bit unexpected.,
"Opens a topic about Liam describing Max in a nice way. Gets mad that the comments say nice things about Max. Next time just scroll by, mate.",
"Schumacher raced the chassis 234 and 239 in 2004. Chassis 234 was sold to an Argentinian businessman back in 2005. It's still there. Chassis 239 (the most successful one) was bought by Friedhelm Loh, a German businessman. It's currently displayed at his museum (Nationales Automuseum). I don't know when he bought it.",
I think that George was cursed by not T-posing in the F1 intro this year (like Max switching to #3) so I’m not holding my breath until the race is over. And not even then (Monaco 😒),
"That looked like a completely routine and normal move at a race start, nothing to complain about there.",
"When they announced ""new"" reddit and then also announced they'd retain the OG style through ""old.reddit"", I stopped reading the announcement, clicked ""old.reddit"" and have been happily using it ever since.",
Hell yeah. I’m so bummed I got here a week late for the Barcelona race. It’s only a couple hours from here,
They can try and make it social media all they like. To me it's still a news/link aggregator site and always will be.,
"Those rocket ships flying down Paddock Hill bend will be a real sight, love Brands Hatch.",
At least on Firefox there's a plugin that automatically makes sure you always visit old. I've literally not seen the new reddit in years,
"Also the random comments in a different language, apparently people now just see all of new Reddit AI translated into their own language, so they just respond in whatever language that is? It's so weird to see a comment in French in the middle of an English comment thread and no one acknowledging it",
So that surprises me if it's true because most phones use the IR camera for facial recognition to prevent a photo of the person from working.,
"They got this car with the brilliant hire of the guy who designed the last two car failures at Alpine. Like I know Vowles is trying to turn around a team going on 20+ years of failure and being behind, but man I think we all expected more this season",
"How many accidents has he caused this year? None, sure there was the gasly issue but that was caused by the car breaking down not him. So the idea that he is erratic and dangerous is nonsense",
"Something he mentioned in the podcast is you need to also consider the gaps between the cars. It was one of the closest seasons in terms of midfield cars. So if you are unprepared compared to e.g. Kimi as they also mention who had heaps of testing, you are going to generally do a lot worse. Last season had no room for mistakes which others seasons e.g. this one where everyone is wider you have more leeway",
"Relatively I guess, I mean all of them are hyper competitive, the mellowing out comes from already proving they are on top imo, so if they get tested again or feel like theyve lost it the spiciness comes right back out.",
"That's why it's flipable with a switch, it'll allow them to use the same design for both Piastri and Norris",
"Agreed! I love seeing Lewis back in form, but man, the influx of casual opinions has been almost too much to handle.",
Did he mellow? Didn't Rosberg recall a few stories where Schumacher was playing petty mind games on him? Still seems like a toxic teammate despite not fighting for a championship. Any other driver doing this would've been scrutinized.,
"His statue needs to raise his index finger: ""number one"", as in the opening credits.",
Last lap Hamilton goes to last corner where Gasly a engine (who lewis has come to lap) blows up so he doesn’t accelerate meaning Lewis rear ends gasly but somehow gasly still finishes tenth without a rear wing or engine and Hamilton ACTUALLY wins on three wheels and not just three tyres,
"""Toto goes to press Kimi or Russell's kill switch:"" ""Gasly: I've lost power!!?!?""",
I think they're saying how long ago that was isn't okay. They're the second comment in the chain.,
"No, but Alonso seems pretty done with the team this season he is out end of this year or next regardless. If they could get Russell instead who they can build around long term I'm sure they would love that.",
"i mean, if you didn't see it and you don't see it for a pretty decent amount of time it's fairly easy for teams to paly the ""nah, we're not copying them, we totally were already going to do this"" card. it's not like teams like saying they copied each other.",
Actually it is a really bad joke about hulk finishing p11 every race. Mb,
Is it me or does it have an uncanny look of nico rosberg?,
"Keep your friends close, but your enemies closer. Always loved this about Max!",
Do you need a special license to drive F1 Car if you can buy one privately in your private space?,
"""He might be ok for bottom tier teams like Haad or Cadillac"" is quite literally what I said lmao",
"While I appreciate this post summarizing the words Liam spoke, one really needs to see the manner in which he says these things in the video. It feels like someone who was engaging in a technical experiment while himself having very little familiarity with the tools... And then suddenly told not to show up for work the next day.",
